"","Min.","1st Qu.","Median","Mean","3rd Qu.","Max."
"ofp",0,1,4,5.77439854743532,8,89
"hosp",0,0,0,0.295960054471176,0,8
"numchron",0,1,1,1.54198819791194,2,8
"school",0,8,11,10.2902859736723,12,18
"age",6.6,6.9,7.3,7.40240581025874,7.8,10.9
